,channel,name,tempo,note_midi_value,note_seconds,octave,note_value,note_name,angle
8,0.0,,,76.0,0.0,6.0,4.0,E,120
10,0.0,,,76.0,0.125,6.0,4.0,E,120
12,0.0,,,76.0,0.375,6.0,4.0,E,120
14,0.0,,,72.0,0.625,6.0,0.0,C,0
16,0.0,,,76.0,0.75,6.0,4.0,E,120
18,0.0,,,79.0,1.0,6.0,7.0,C#,210
20,0.0,,,72.0,2.0,6.0,0.0,C,0
22,0.0,,,67.0,2.375,5.0,7.0,C#,210
24,0.0,,,64.0,2.75,5.0,4.0,E,120
26,0.0,,,69.0,3.125,5.0,9.0,D#,270
28,0.0,,,71.0,3.375,5.0,11.0,F,330
30,0.0,,,70.0,3.625,5.0,10.0,A#,300
32,0.0,,,69.0,3.75,5.0,9.0,D#,270
34,0.0,,,67.0,4.0,5.0,7.0,C#,210
36,0.0,,,76.0,4.166666666666666,6.0,4.0,E,120
38,0.0,,,79.0,4.333333333333333,6.0,7.0,C#,210
40,0.0,,,81.0,4.5,6.0,9.0,D#,270
42,0.0,,,77.0,4.75,6.0,5.0,B,150
44,0.0,,,79.0,4.875,6.0,7.0,C#,210
46,0.0,,,76.0,5.125,6.0,4.0,E,120
48,0.0,,,72.0,5.375,6.0,0.0,C,0
50,0.0,,,74.0,5.5,6.0,2.0,D,60
52,0.0,,,71.0,5.625,5.0,11.0,F,330
54,0.0,,,72.0,6.0,6.0,0.0,C,0
56,0.0,,,67.0,6.375,5.0,7.0,C#,210
58,0.0,,,64.0,6.75,5.0,4.0,E,120
60,0.0,,,69.0,7.125,5.0,9.0,D#,270
62,0.0,,,71.0,7.375,5.0,11.0,F,330
64,0.0,,,70.0,7.625,5.0,10.0,A#,300
66,0.0,,,69.0,7.75,5.0,9.0,D#,270
68,0.0,,,67.0,8.0,5.0,7.0,C#,210
70,0.0,,,76.0,8.166666666666666,6.0,4.0,E,120
72,0.0,,,79.0,8.333333333333332,6.0,7.0,C#,210
74,0.0,,,81.0,8.5,6.0,9.0,D#,270
76,0.0,,,77.0,8.75,6.0,5.0,B,150
78,0.0,,,79.0,8.875,6.0,7.0,C#,210
80,0.0,,,76.0,9.125,6.0,4.0,E,120
82,0.0,,,72.0,9.375,6.0,0.0,C,0
84,0.0,,,74.0,9.5,6.0,2.0,D,60
86,0.0,,,71.0,9.625,5.0,11.0,F,330
88,0.0,,,79.0,10.25,6.0,7.0,C#,210
90,0.0,,,78.0,10.375,6.0,6.0,F#,180
92,0.0,,,77.0,10.5,6.0,5.0,B,150
94,0.0,,,75.0,10.625,6.0,3.0,A,90
96,0.0,,,76.0,10.875,6.0,4.0,E,120
98,0.0,,,68.0,11.125,5.0,8.0,G#,240
100,0.0,,,69.0,11.25,5.0,9.0,D#,270
102,0.0,,,72.0,11.375,6.0,0.0,C,0
104,0.0,,,69.0,11.625,5.0,9.0,D#,270
106,0.0,,,72.0,11.75,6.0,0.0,C,0
108,0.0,,,74.0,11.875,6.0,2.0,D,60
110,0.0,,,79.0,12.25,6.0,7.0,C#,210
112,0.0,,,78.0,12.375,6.0,6.0,F#,180
114,0.0,,,77.0,12.5,6.0,5.0,B,150
116,0.0,,,75.0,12.625,6.0,3.0,A,90
118,0.0,,,76.0,12.875,6.0,4.0,E,120
120,0.0,,,84.0,13.125,7.0,0.0,C,0
122,0.0,,,84.0,13.375,7.0,0.0,C,0
124,0.0,,,84.0,13.5,7.0,0.0,C,0
126,0.0,,,79.0,14.25,6.0,7.0,C#,210
128,0.0,,,78.0,14.375,6.0,6.0,F#,180
130,0.0,,,77.0,14.5,6.0,5.0,B,150
132,0.0,,,75.0,14.625,6.0,3.0,A,90
134,0.0,,,76.0,14.875,6.0,4.0,E,120
136,0.0,,,68.0,15.125,5.0,8.0,G#,240
138,0.0,,,69.0,15.25,5.0,9.0,D#,270
140,0.0,,,72.0,15.375,6.0,0.0,C,0
142,0.0,,,69.0,15.625,5.0,9.0,D#,270
144,0.0,,,72.0,15.75,6.0,0.0,C,0
146,0.0,,,74.0,15.875,6.0,2.0,D,60
148,0.0,,,75.0,16.25,6.0,3.0,A,90
150,0.0,,,74.0,16.625,6.0,2.0,D,60
152,0.0,,,72.0,17.0,6.0,0.0,C,0
154,0.0,,,79.0,18.25,6.0,7.0,C#,210
156,0.0,,,78.0,18.375,6.0,6.0,F#,180
158,0.0,,,77.0,18.5,6.0,5.0,B,150
160,0.0,,,75.0,18.625,6.0,3.0,A,90
162,0.0,,,76.0,18.875,6.0,4.0,E,120
164,0.0,,,68.0,19.125,5.0,8.0,G#,240
166,0.0,,,69.0,19.25,5.0,9.0,D#,270
168,0.0,,,72.0,19.375,6.0,0.0,C,0
170,0.0,,,69.0,19.625,5.0,9.0,D#,270
172,0.0,,,72.0,19.75,6.0,0.0,C,0
174,0.0,,,74.0,19.875,6.0,2.0,D,60
176,0.0,,,79.0,20.25,6.0,7.0,C#,210
178,0.0,,,78.0,20.375,6.0,6.0,F#,180
180,0.0,,,77.0,20.5,6.0,5.0,B,150
182,0.0,,,75.0,20.625,6.0,3.0,A,90
184,0.0,,,76.0,20.875,6.0,4.0,E,120
186,0.0,,,84.0,21.125,7.0,0.0,C,0
188,0.0,,,84.0,21.375,7.0,0.0,C,0
190,0.0,,,84.0,21.5,7.0,0.0,C,0
192,0.0,,,79.0,22.25,6.0,7.0,C#,210
194,0.0,,,78.0,22.375,6.0,6.0,F#,180
196,0.0,,,77.0,22.5,6.0,5.0,B,150
198,0.0,,,75.0,22.625,6.0,3.0,A,90
200,0.0,,,76.0,22.875,6.0,4.0,E,120
202,0.0,,,68.0,23.125,5.0,8.0,G#,240
204,0.0,,,69.0,23.25,5.0,9.0,D#,270
206,0.0,,,72.0,23.375,6.0,0.0,C,0
208,0.0,,,69.0,23.625,5.0,9.0,D#,270
210,0.0,,,72.0,23.75,6.0,0.0,C,0
212,0.0,,,74.0,23.875,6.0,2.0,D,60
214,0.0,,,75.0,24.25,6.0,3.0,A,90
216,0.0,,,74.0,24.625,6.0,2.0,D,60
218,0.0,,,72.0,25.0,6.0,0.0,C,0
220,0.0,,,72.0,26.0,6.0,0.0,C,0
222,0.0,,,72.0,26.125,6.0,0.0,C,0
224,0.0,,,72.0,26.375,6.0,0.0,C,0
226,0.0,,,72.0,26.625,6.0,0.0,C,0
228,0.0,,,74.0,26.75,6.0,2.0,D,60
230,0.0,,,76.0,27.0,6.0,4.0,E,120
232,0.0,,,72.0,27.125,6.0,0.0,C,0
234,0.0,,,69.0,27.375,5.0,9.0,D#,270
236,0.0,,,67.0,27.5,5.0,7.0,C#,210
238,0.0,,,72.0,28.0,6.0,0.0,C,0
240,0.0,,,72.0,28.125,6.0,0.0,C,0
242,0.0,,,72.0,28.375,6.0,0.0,C,0
244,0.0,,,72.0,28.625,6.0,0.0,C,0
246,0.0,,,74.0,28.75,6.0,2.0,D,60
248,0.0,,,76.0,28.875,6.0,4.0,E,120
250,0.0,,,72.0,30.0,6.0,0.0,C,0
252,0.0,,,72.0,30.125,6.0,0.0,C,0
254,0.0,,,72.0,30.375,6.0,0.0,C,0
256,0.0,,,72.0,30.625,6.0,0.0,C,0
258,0.0,,,74.0,30.75,6.0,2.0,D,60
260,0.0,,,76.0,31.0,6.0,4.0,E,120
262,0.0,,,72.0,31.125,6.0,0.0,C,0
264,0.0,,,69.0,31.375,5.0,9.0,D#,270
266,0.0,,,67.0,31.5,5.0,7.0,C#,210
268,0.0,,,76.0,32.0,6.0,4.0,E,120
270,0.0,,,76.0,32.125,6.0,4.0,E,120
272,0.0,,,76.0,32.375,6.0,4.0,E,120
274,0.0,,,72.0,32.625,6.0,0.0,C,0
276,0.0,,,76.0,32.75,6.0,4.0,E,120
278,0.0,,,79.0,33.0,6.0,7.0,C#,210
280,0.0,,,72.0,34.0,6.0,0.0,C,0
282,0.0,,,67.0,34.375,5.0,7.0,C#,210
284,0.0,,,64.0,34.75,5.0,4.0,E,120
286,0.0,,,69.0,35.125,5.0,9.0,D#,270
288,0.0,,,71.0,35.375,5.0,11.0,F,330
290,0.0,,,70.0,35.625,5.0,10.0,A#,300
292,0.0,,,69.0,35.75,5.0,9.0,D#,270
294,0.0,,,67.0,36.0,5.0,7.0,C#,210
296,0.0,,,76.0,36.166666666666664,6.0,4.0,E,120
298,0.0,,,79.0,36.33333333333333,6.0,7.0,C#,210
300,0.0,,,81.0,36.5,6.0,9.0,D#,270
302,0.0,,,77.0,36.75,6.0,5.0,B,150
304,0.0,,,79.0,36.875,6.0,7.0,C#,210
306,0.0,,,76.0,37.125,6.0,4.0,E,120
308,0.0,,,72.0,37.375,6.0,0.0,C,0
310,0.0,,,74.0,37.5,6.0,2.0,D,60
312,0.0,,,71.0,37.625,5.0,11.0,F,330
314,0.0,,,72.0,38.0,6.0,0.0,C,0
316,0.0,,,67.0,38.375,5.0,7.0,C#,210
318,0.0,,,64.0,38.75,5.0,4.0,E,120
320,0.0,,,69.0,39.125,5.0,9.0,D#,270
322,0.0,,,71.0,39.375,5.0,11.0,F,330
324,0.0,,,70.0,39.625,5.0,10.0,A#,300
326,0.0,,,69.0,39.75,5.0,9.0,D#,270
328,0.0,,,67.0,40.0,5.0,7.0,C#,210
330,0.0,,,76.0,40.166666666666664,6.0,4.0,E,120
332,0.0,,,79.0,40.33333333333333,6.0,7.0,C#,210
334,0.0,,,81.0,40.5,6.0,9.0,D#,270
336,0.0,,,77.0,40.75,6.0,5.0,B,150
338,0.0,,,79.0,40.875,6.0,7.0,C#,210
340,0.0,,,76.0,41.125,6.0,4.0,E,120
342,0.0,,,72.0,41.375,6.0,0.0,C,0
344,0.0,,,74.0,41.5,6.0,2.0,D,60
346,0.0,,,71.0,41.625,5.0,11.0,F,330
348,0.0,,,76.0,42.0,6.0,4.0,E,120
350,0.0,,,72.0,42.125,6.0,0.0,C,0
352,0.0,,,67.0,42.375,5.0,7.0,C#,210
354,0.0,,,68.0,42.75,5.0,8.0,G#,240
356,0.0,,,69.0,43.0,5.0,9.0,D#,270
358,0.0,,,77.0,43.125,6.0,5.0,B,150
360,0.0,,,77.0,43.375,6.0,5.0,B,150
362,0.0,,,69.0,43.5,5.0,9.0,D#,270
364,0.0,,,71.0,44.0,5.0,11.0,F,330
366,0.0,,,81.0,44.166666666666664,6.0,9.0,D#,270
368,0.0,,,81.0,44.33333333333333,6.0,9.0,D#,270
370,0.0,,,81.0,44.5,6.0,9.0,D#,270
372,0.0,,,79.0,44.666666666666664,6.0,7.0,C#,210
374,0.0,,,77.0,44.83333333333333,6.0,5.0,B,150
376,0.0,,,76.0,45.0,6.0,4.0,E,120
378,0.0,,,72.0,45.125,6.0,0.0,C,0
380,0.0,,,69.0,45.375,5.0,9.0,D#,270
382,0.0,,,67.0,45.5,5.0,7.0,C#,210
384,0.0,,,76.0,46.0,6.0,4.0,E,120
386,0.0,,,72.0,46.125,6.0,0.0,C,0
388,0.0,,,67.0,46.375,5.0,7.0,C#,210
390,0.0,,,68.0,46.75,5.0,8.0,G#,240
392,0.0,,,69.0,47.0,5.0,9.0,D#,270
394,0.0,,,77.0,47.125,6.0,5.0,B,150
396,0.0,,,77.0,47.375,6.0,5.0,B,150
398,0.0,,,69.0,47.5,5.0,9.0,D#,270
400,0.0,,,71.0,48.0,5.0,11.0,F,330
402,0.0,,,77.0,48.125,6.0,5.0,B,150
404,0.0,,,77.0,48.375,6.0,5.0,B,150
406,0.0,,,77.0,48.5,6.0,5.0,B,150
408,0.0,,,76.0,48.666666666666664,6.0,4.0,E,120
410,0.0,,,74.0,48.83333333333333,6.0,2.0,D,60
412,0.0,,,72.0,49.0,6.0,0.0,C,0
414,0.0,,,76.0,50.0,6.0,4.0,E,120
416,0.0,,,72.0,50.125,6.0,0.0,C,0
418,0.0,,,67.0,50.375,5.0,7.0,C#,210
420,0.0,,,68.0,50.75,5.0,8.0,G#,240
422,0.0,,,69.0,51.0,5.0,9.0,D#,270
424,0.0,,,77.0,51.125,6.0,5.0,B,150
426,0.0,,,77.0,51.375,6.0,5.0,B,150
428,0.0,,,69.0,51.5,5.0,9.0,D#,270
430,0.0,,,71.0,52.0,5.0,11.0,F,330
432,0.0,,,81.0,52.166666666666664,6.0,9.0,D#,270
434,0.0,,,81.0,52.33333333333333,6.0,9.0,D#,270
436,0.0,,,81.0,52.5,6.0,9.0,D#,270
438,0.0,,,79.0,52.666666666666664,6.0,7.0,C#,210
440,0.0,,,77.0,52.83333333333333,6.0,5.0,B,150
442,0.0,,,76.0,53.0,6.0,4.0,E,120
444,0.0,,,72.0,53.125,6.0,0.0,C,0
446,0.0,,,69.0,53.375,5.0,9.0,D#,270
448,0.0,,,67.0,53.5,5.0,7.0,C#,210
450,0.0,,,76.0,54.0,6.0,4.0,E,120
452,0.0,,,72.0,54.125,6.0,0.0,C,0
454,0.0,,,67.0,54.375,5.0,7.0,C#,210
456,0.0,,,68.0,54.75,5.0,8.0,G#,240
458,0.0,,,69.0,55.0,5.0,9.0,D#,270
460,0.0,,,77.0,55.125,6.0,5.0,B,150
462,0.0,,,77.0,55.375,6.0,5.0,B,150
464,0.0,,,69.0,55.5,5.0,9.0,D#,270
466,0.0,,,71.0,56.0,5.0,11.0,F,330
468,0.0,,,77.0,56.125,6.0,5.0,B,150
470,0.0,,,77.0,56.375,6.0,5.0,B,150
472,0.0,,,77.0,56.5,6.0,5.0,B,150
474,0.0,,,76.0,56.666666666666664,6.0,4.0,E,120
476,0.0,,,74.0,56.83333333333333,6.0,2.0,D,60
478,0.0,,,72.0,57.0,6.0,0.0,C,0
480,0.0,,,72.0,58.0,6.0,0.0,C,0
482,0.0,,,72.0,58.125,6.0,0.0,C,0
484,0.0,,,72.0,58.375,6.0,0.0,C,0
486,0.0,,,72.0,58.625,6.0,0.0,C,0
488,0.0,,,74.0,58.75,6.0,2.0,D,60
490,0.0,,,76.0,59.0,6.0,4.0,E,120
492,0.0,,,72.0,59.125,6.0,0.0,C,0
494,0.0,,,69.0,59.375,5.0,9.0,D#,270
496,0.0,,,67.0,59.5,5.0,7.0,C#,210
498,0.0,,,72.0,60.0,6.0,0.0,C,0
500,0.0,,,72.0,60.125,6.0,0.0,C,0
502,0.0,,,72.0,60.375,6.0,0.0,C,0
504,0.0,,,72.0,60.625,6.0,0.0,C,0
506,0.0,,,74.0,60.75,6.0,2.0,D,60
508,0.0,,,76.0,60.875,6.0,4.0,E,120
510,0.0,,,72.0,62.0,6.0,0.0,C,0
512,0.0,,,72.0,62.125,6.0,0.0,C,0
514,0.0,,,72.0,62.375,6.0,0.0,C,0
516,0.0,,,72.0,62.625,6.0,0.0,C,0
518,0.0,,,74.0,62.75,6.0,2.0,D,60
520,0.0,,,76.0,63.0,6.0,4.0,E,120
522,0.0,,,72.0,63.125,6.0,0.0,C,0
524,0.0,,,69.0,63.375,5.0,9.0,D#,270
526,0.0,,,67.0,63.5,5.0,7.0,C#,210
528,0.0,,,76.0,64.0,6.0,4.0,E,120
530,0.0,,,76.0,64.125,6.0,4.0,E,120
532,0.0,,,76.0,64.375,6.0,4.0,E,120
534,0.0,,,72.0,64.625,6.0,0.0,C,0
536,0.0,,,76.0,64.75,6.0,4.0,E,120
538,0.0,,,79.0,65.0,6.0,7.0,C#,210
540,0.0,,,76.0,66.0,6.0,4.0,E,120
542,0.0,,,72.0,66.125,6.0,0.0,C,0
544,0.0,,,67.0,66.375,5.0,7.0,C#,210
546,0.0,,,68.0,66.75,5.0,8.0,G#,240
548,0.0,,,69.0,67.0,5.0,9.0,D#,270
550,0.0,,,77.0,67.125,6.0,5.0,B,150
552,0.0,,,77.0,67.375,6.0,5.0,B,150
554,0.0,,,69.0,67.5,5.0,9.0,D#,270
556,0.0,,,71.0,68.0,5.0,11.0,F,330
558,0.0,,,81.0,68.16666666666666,6.0,9.0,D#,270
560,0.0,,,81.0,68.33333333333333,6.0,9.0,D#,270
562,0.0,,,81.0,68.5,6.0,9.0,D#,270
564,0.0,,,79.0,68.66666666666666,6.0,7.0,C#,210
566,0.0,,,77.0,68.83333333333333,6.0,5.0,B,150
568,0.0,,,76.0,69.0,6.0,4.0,E,120
570,0.0,,,72.0,69.125,6.0,0.0,C,0
572,0.0,,,69.0,69.375,5.0,9.0,D#,270
574,0.0,,,67.0,69.5,5.0,7.0,C#,210
576,0.0,,,76.0,70.0,6.0,4.0,E,120
578,0.0,,,72.0,70.125,6.0,0.0,C,0
580,0.0,,,67.0,70.375,5.0,7.0,C#,210
582,0.0,,,68.0,70.75,5.0,8.0,G#,240
584,0.0,,,69.0,71.0,5.0,9.0,D#,270
586,0.0,,,77.0,71.125,6.0,5.0,B,150
588,0.0,,,77.0,71.375,6.0,5.0,B,150
590,0.0,,,69.0,71.5,5.0,9.0,D#,270
592,0.0,,,71.0,72.0,5.0,11.0,F,330
594,0.0,,,77.0,72.125,6.0,5.0,B,150
596,0.0,,,77.0,72.375,6.0,5.0,B,150
598,0.0,,,77.0,72.5,6.0,5.0,B,150
600,0.0,,,76.0,72.66666666666666,6.0,4.0,E,120
602,0.0,,,74.0,72.83333333333333,6.0,2.0,D,60
604,0.0,,,72.0,73.0,6.0,0.0,C,0
612,1.0,,,66.0,73.08333333333333,5.0,6.0,F#,180
614,1.0,,,66.0,73.20833333333333,5.0,6.0,F#,180
616,1.0,,,66.0,73.45833333333333,5.0,6.0,F#,180
618,1.0,,,66.0,73.70833333333333,5.0,6.0,F#,180
620,1.0,,,66.0,73.83333333333333,5.0,6.0,F#,180
622,1.0,,,71.0,74.08333333333333,5.0,11.0,F,330
624,1.0,,,67.0,74.58333333333333,5.0,7.0,C#,210
626,1.0,,,64.0,75.08333333333333,5.0,4.0,E,120
628,1.0,,,60.0,75.45833333333333,5.0,0.0,C,0
630,1.0,,,55.0,75.83333333333333,4.0,7.0,C#,210
632,1.0,,,60.0,76.20833333333333,5.0,0.0,C,0
634,1.0,,,62.0,76.45833333333333,5.0,2.0,D,60
636,1.0,,,61.0,76.70833333333333,5.0,1.0,G,30
638,1.0,,,60.0,76.83333333333333,5.0,0.0,C,0
640,1.0,,,60.0,77.08333333333333,5.0,0.0,C,0
642,1.0,,,67.0,77.25,5.0,7.0,C#,210
644,1.0,,,71.0,77.41666666666666,5.0,11.0,F,330
646,1.0,,,72.0,77.58333333333333,6.0,0.0,C,0
648,1.0,,,69.0,77.83333333333333,5.0,9.0,D#,270
650,1.0,,,71.0,77.95833333333333,5.0,11.0,F,330
652,1.0,,,69.0,78.20833333333333,5.0,9.0,D#,270
654,1.0,,,64.0,78.45833333333333,5.0,4.0,E,120
656,1.0,,,65.0,78.58333333333333,5.0,5.0,B,150
658,1.0,,,62.0,78.70833333333333,5.0,2.0,D,60
660,1.0,,,64.0,79.08333333333333,5.0,4.0,E,120
662,1.0,,,60.0,79.45833333333333,5.0,0.0,C,0
664,1.0,,,55.0,79.83333333333333,4.0,7.0,C#,210
666,1.0,,,60.0,80.20833333333333,5.0,0.0,C,0
668,1.0,,,62.0,80.45833333333333,5.0,2.0,D,60
670,1.0,,,61.0,80.70833333333333,5.0,1.0,G,30
672,1.0,,,60.0,80.83333333333333,5.0,0.0,C,0
674,1.0,,,60.0,81.08333333333333,5.0,0.0,C,0
676,1.0,,,67.0,81.25,5.0,7.0,C#,210
678,1.0,,,71.0,81.41666666666666,5.0,11.0,F,330
680,1.0,,,72.0,81.58333333333333,6.0,0.0,C,0
682,1.0,,,69.0,81.83333333333333,5.0,9.0,D#,270
684,1.0,,,71.0,81.95833333333333,5.0,11.0,F,330
686,1.0,,,69.0,82.20833333333333,5.0,9.0,D#,270
688,1.0,,,64.0,82.45833333333333,5.0,4.0,E,120
690,1.0,,,65.0,82.58333333333333,5.0,5.0,B,150
692,1.0,,,62.0,82.70833333333333,5.0,2.0,D,60
694,1.0,,,76.0,83.33333333333333,6.0,4.0,E,120
696,1.0,,,75.0,83.45833333333333,6.0,3.0,A,90
698,1.0,,,74.0,83.58333333333333,6.0,2.0,D,60
700,1.0,,,71.0,83.70833333333333,5.0,11.0,F,330
702,1.0,,,72.0,83.95833333333333,6.0,0.0,C,0
704,1.0,,,64.0,84.20833333333333,5.0,4.0,E,120
706,1.0,,,65.0,84.33333333333333,5.0,5.0,B,150
708,1.0,,,67.0,84.45833333333333,5.0,7.0,C#,210
710,1.0,,,60.0,84.70833333333333,5.0,0.0,C,0
712,1.0,,,64.0,84.83333333333333,5.0,4.0,E,120
714,1.0,,,65.0,84.95833333333333,5.0,5.0,B,150
716,1.0,,,76.0,85.33333333333333,6.0,4.0,E,120
718,1.0,,,75.0,85.45833333333333,6.0,3.0,A,90
720,1.0,,,74.0,85.58333333333333,6.0,2.0,D,60
722,1.0,,,71.0,85.70833333333333,5.0,11.0,F,330
724,1.0,,,72.0,85.95833333333333,6.0,0.0,C,0
726,1.0,,,77.0,86.20833333333333,6.0,5.0,B,150
728,1.0,,,77.0,86.45833333333333,6.0,5.0,B,150
730,1.0,,,77.0,86.58333333333333,6.0,5.0,B,150
732,1.0,,,76.0,87.33333333333333,6.0,4.0,E,120
734,1.0,,,75.0,87.45833333333333,6.0,3.0,A,90
736,1.0,,,74.0,87.58333333333333,6.0,2.0,D,60
738,1.0,,,71.0,87.70833333333333,5.0,11.0,F,330
740,1.0,,,72.0,87.95833333333333,6.0,0.0,C,0
742,1.0,,,64.0,88.20833333333333,5.0,4.0,E,120
744,1.0,,,65.0,88.33333333333333,5.0,5.0,B,150
746,1.0,,,67.0,88.45833333333333,5.0,7.0,C#,210
748,1.0,,,60.0,88.70833333333333,5.0,0.0,C,0
750,1.0,,,64.0,88.83333333333333,5.0,4.0,E,120
752,1.0,,,65.0,88.95833333333333,5.0,5.0,B,150
754,1.0,,,68.0,89.33333333333333,5.0,8.0,G#,240
756,1.0,,,65.0,89.70833333333333,5.0,5.0,B,150
758,1.0,,,64.0,90.08333333333333,5.0,4.0,E,120
760,1.0,,,76.0,91.33333333333333,6.0,4.0,E,120
762,1.0,,,75.0,91.45833333333333,6.0,3.0,A,90
764,1.0,,,74.0,91.58333333333333,6.0,2.0,D,60
766,1.0,,,71.0,91.70833333333333,5.0,11.0,F,330
768,1.0,,,72.0,91.95833333333333,6.0,0.0,C,0
770,1.0,,,64.0,92.20833333333333,5.0,4.0,E,120
772,1.0,,,65.0,92.33333333333333,5.0,5.0,B,150
774,1.0,,,67.0,92.45833333333333,5.0,7.0,C#,210
776,1.0,,,60.0,92.70833333333333,5.0,0.0,C,0
778,1.0,,,64.0,92.83333333333333,5.0,4.0,E,120
780,1.0,,,65.0,92.95833333333333,5.0,5.0,B,150
782,1.0,,,76.0,93.33333333333333,6.0,4.0,E,120
784,1.0,,,75.0,93.45833333333333,6.0,3.0,A,90
786,1.0,,,74.0,93.58333333333333,6.0,2.0,D,60
788,1.0,,,71.0,93.70833333333333,5.0,11.0,F,330
790,1.0,,,72.0,93.95833333333333,6.0,0.0,C,0
792,1.0,,,77.0,94.20833333333333,6.0,5.0,B,150
794,1.0,,,77.0,94.45833333333333,6.0,5.0,B,150
796,1.0,,,77.0,94.58333333333333,6.0,5.0,B,150
798,1.0,,,76.0,95.33333333333333,6.0,4.0,E,120
800,1.0,,,75.0,95.45833333333333,6.0,3.0,A,90
802,1.0,,,74.0,95.58333333333333,6.0,2.0,D,60
804,1.0,,,71.0,95.70833333333333,5.0,11.0,F,330
806,1.0,,,72.0,95.95833333333333,6.0,0.0,C,0
808,1.0,,,64.0,96.20833333333333,5.0,4.0,E,120
810,1.0,,,65.0,96.33333333333333,5.0,5.0,B,150
812,1.0,,,67.0,96.45833333333333,5.0,7.0,C#,210
814,1.0,,,60.0,96.70833333333333,5.0,0.0,C,0
816,1.0,,,64.0,96.83333333333333,5.0,4.0,E,120
818,1.0,,,65.0,96.95833333333333,5.0,5.0,B,150
820,1.0,,,68.0,97.33333333333333,5.0,8.0,G#,240
822,1.0,,,65.0,97.70833333333333,5.0,5.0,B,150
824,1.0,,,64.0,98.08333333333333,5.0,4.0,E,120
826,1.0,,,68.0,99.08333333333333,5.0,8.0,G#,240
828,1.0,,,68.0,99.20833333333333,5.0,8.0,G#,240
830,1.0,,,68.0,99.45833333333333,5.0,8.0,G#,240
832,1.0,,,68.0,99.70833333333333,5.0,8.0,G#,240
834,1.0,,,70.0,99.83333333333333,5.0,10.0,A#,300
836,1.0,,,67.0,100.08333333333333,5.0,7.0,C#,210
838,1.0,,,64.0,100.20833333333333,5.0,4.0,E,120
840,1.0,,,64.0,100.45833333333333,5.0,4.0,E,120
842,1.0,,,60.0,100.58333333333333,5.0,0.0,C,0
844,1.0,,,68.0,101.08333333333333,5.0,8.0,G#,240
846,1.0,,,68.0,101.20833333333333,5.0,8.0,G#,240
848,1.0,,,68.0,101.45833333333333,5.0,8.0,G#,240
850,1.0,,,68.0,101.70833333333333,5.0,8.0,G#,240
852,1.0,,,70.0,101.83333333333333,5.0,10.0,A#,300
854,1.0,,,67.0,101.95833333333333,5.0,7.0,C#,210
856,1.0,,,68.0,103.08333333333333,5.0,8.0,G#,240
858,1.0,,,68.0,103.20833333333333,5.0,8.0,G#,240
860,1.0,,,68.0,103.45833333333333,5.0,8.0,G#,240
862,1.0,,,68.0,103.70833333333333,5.0,8.0,G#,240
864,1.0,,,70.0,103.83333333333333,5.0,10.0,A#,300
866,1.0,,,67.0,104.08333333333333,5.0,7.0,C#,210
868,1.0,,,64.0,104.20833333333333,5.0,4.0,E,120
870,1.0,,,64.0,104.45833333333333,5.0,4.0,E,120
872,1.0,,,60.0,104.58333333333333,5.0,0.0,C,0
874,1.0,,,66.0,105.08333333333333,5.0,6.0,F#,180
876,1.0,,,66.0,105.20833333333333,5.0,6.0,F#,180
878,1.0,,,66.0,105.45833333333333,5.0,6.0,F#,180
880,1.0,,,66.0,105.70833333333333,5.0,6.0,F#,180
882,1.0,,,66.0,105.83333333333333,5.0,6.0,F#,180
884,1.0,,,71.0,106.08333333333333,5.0,11.0,F,330
886,1.0,,,67.0,106.58333333333333,5.0,7.0,C#,210
888,1.0,,,64.0,107.08333333333333,5.0,4.0,E,120
890,1.0,,,60.0,107.45833333333333,5.0,0.0,C,0
892,1.0,,,55.0,107.83333333333333,4.0,7.0,C#,210
894,1.0,,,60.0,108.20833333333333,5.0,0.0,C,0
896,1.0,,,62.0,108.45833333333333,5.0,2.0,D,60
898,1.0,,,61.0,108.70833333333333,5.0,1.0,G,30
900,1.0,,,60.0,108.83333333333333,5.0,0.0,C,0
902,1.0,,,60.0,109.08333333333333,5.0,0.0,C,0
904,1.0,,,67.0,109.25,5.0,7.0,C#,210
906,1.0,,,71.0,109.41666666666666,5.0,11.0,F,330
908,1.0,,,72.0,109.58333333333333,6.0,0.0,C,0
910,1.0,,,69.0,109.83333333333333,5.0,9.0,D#,270
912,1.0,,,71.0,109.95833333333333,5.0,11.0,F,330
914,1.0,,,69.0,110.20833333333333,5.0,9.0,D#,270
916,1.0,,,64.0,110.45833333333333,5.0,4.0,E,120
918,1.0,,,65.0,110.58333333333333,5.0,5.0,B,150
920,1.0,,,62.0,110.70833333333333,5.0,2.0,D,60
922,1.0,,,64.0,111.08333333333333,5.0,4.0,E,120
924,1.0,,,60.0,111.45833333333333,5.0,0.0,C,0
926,1.0,,,55.0,111.83333333333333,4.0,7.0,C#,210
928,1.0,,,60.0,112.20833333333333,5.0,0.0,C,0
930,1.0,,,62.0,112.45833333333333,5.0,2.0,D,60
932,1.0,,,61.0,112.70833333333333,5.0,1.0,G,30
934,1.0,,,60.0,112.83333333333333,5.0,0.0,C,0
936,1.0,,,60.0,113.08333333333333,5.0,0.0,C,0
938,1.0,,,67.0,113.25,5.0,7.0,C#,210
940,1.0,,,71.0,113.41666666666666,5.0,11.0,F,330
942,1.0,,,72.0,113.58333333333333,6.0,0.0,C,0
944,1.0,,,69.0,113.83333333333333,5.0,9.0,D#,270
946,1.0,,,71.0,113.95833333333333,5.0,11.0,F,330
948,1.0,,,69.0,114.20833333333333,5.0,9.0,D#,270
950,1.0,,,64.0,114.45833333333333,5.0,4.0,E,120
952,1.0,,,65.0,114.58333333333333,5.0,5.0,B,150
954,1.0,,,62.0,114.70833333333333,5.0,2.0,D,60
956,1.0,,,72.0,115.08333333333333,6.0,0.0,C,0
958,1.0,,,69.0,115.20833333333333,5.0,9.0,D#,270
960,1.0,,,64.0,115.45833333333333,5.0,4.0,E,120
962,1.0,,,64.0,115.83333333333333,5.0,4.0,E,120
964,1.0,,,65.0,116.08333333333333,5.0,5.0,B,150
966,1.0,,,72.0,116.20833333333333,6.0,0.0,C,0
968,1.0,,,72.0,116.45833333333333,6.0,0.0,C,0
970,1.0,,,65.0,116.58333333333333,5.0,5.0,B,150
972,1.0,,,67.0,117.08333333333333,5.0,7.0,C#,210
974,1.0,,,77.0,117.25,6.0,5.0,B,150
976,1.0,,,77.0,117.41666666666666,6.0,5.0,B,150
978,1.0,,,77.0,117.58333333333333,6.0,5.0,B,150
980,1.0,,,76.0,117.75,6.0,4.0,E,120
982,1.0,,,74.0,117.91666666666666,6.0,2.0,D,60
984,1.0,,,72.0,118.08333333333333,6.0,0.0,C,0
986,1.0,,,69.0,118.20833333333333,5.0,9.0,D#,270
988,1.0,,,65.0,118.45833333333333,5.0,5.0,B,150
990,1.0,,,64.0,118.58333333333333,5.0,4.0,E,120
992,1.0,,,72.0,119.08333333333333,6.0,0.0,C,0
994,1.0,,,69.0,119.20833333333333,5.0,9.0,D#,270
996,1.0,,,64.0,119.45833333333333,5.0,4.0,E,120
998,1.0,,,64.0,119.83333333333333,5.0,4.0,E,120
1000,1.0,,,65.0,120.08333333333333,5.0,5.0,B,150
1002,1.0,,,72.0,120.20833333333333,6.0,0.0,C,0
1004,1.0,,,72.0,120.45833333333333,6.0,0.0,C,0
1006,1.0,,,65.0,120.58333333333333,5.0,5.0,B,150
1008,1.0,,,67.0,121.08333333333333,5.0,7.0,C#,210
1010,1.0,,,74.0,121.20833333333333,6.0,2.0,D,60
1012,1.0,,,74.0,121.45833333333333,6.0,2.0,D,60
1014,1.0,,,74.0,121.58333333333333,6.0,2.0,D,60
1016,1.0,,,72.0,121.75,6.0,0.0,C,0
1018,1.0,,,71.0,121.91666666666666,5.0,11.0,F,330
1020,1.0,,,67.0,122.08333333333333,5.0,7.0,C#,210
1022,1.0,,,64.0,122.20833333333333,5.0,4.0,E,120
1024,1.0,,,64.0,122.45833333333333,5.0,4.0,E,120
1026,1.0,,,60.0,122.58333333333333,5.0,0.0,C,0
1028,1.0,,,72.0,123.08333333333333,6.0,0.0,C,0
1030,1.0,,,69.0,123.20833333333333,5.0,9.0,D#,270
1032,1.0,,,64.0,123.45833333333333,5.0,4.0,E,120
1034,1.0,,,64.0,123.83333333333333,5.0,4.0,E,120
1036,1.0,,,65.0,124.08333333333333,5.0,5.0,B,150
1038,1.0,,,72.0,124.20833333333333,6.0,0.0,C,0
1040,1.0,,,72.0,124.45833333333333,6.0,0.0,C,0
1042,1.0,,,65.0,124.58333333333333,5.0,5.0,B,150
1044,1.0,,,67.0,125.08333333333333,5.0,7.0,C#,210
1046,1.0,,,77.0,125.25,6.0,5.0,B,150
1048,1.0,,,77.0,125.41666666666666,6.0,5.0,B,150
1050,1.0,,,77.0,125.58333333333333,6.0,5.0,B,150
1052,1.0,,,76.0,125.75,6.0,4.0,E,120
1054,1.0,,,74.0,125.91666666666666,6.0,2.0,D,60
1056,1.0,,,72.0,126.08333333333333,6.0,0.0,C,0
1058,1.0,,,69.0,126.20833333333333,5.0,9.0,D#,270
1060,1.0,,,65.0,126.45833333333333,5.0,5.0,B,150
1062,1.0,,,64.0,126.58333333333333,5.0,4.0,E,120
1064,1.0,,,72.0,127.08333333333333,6.0,0.0,C,0
1066,1.0,,,69.0,127.20833333333333,5.0,9.0,D#,270
1068,1.0,,,64.0,127.45833333333333,5.0,4.0,E,120
1070,1.0,,,64.0,127.83333333333333,5.0,4.0,E,120
1072,1.0,,,65.0,128.08333333333331,5.0,5.0,B,150
1074,1.0,,,72.0,128.20833333333331,6.0,0.0,C,0
1076,1.0,,,72.0,128.45833333333331,6.0,0.0,C,0
1078,1.0,,,65.0,128.58333333333331,5.0,5.0,B,150
1080,1.0,,,67.0,129.08333333333331,5.0,7.0,C#,210
1082,1.0,,,74.0,129.20833333333331,6.0,2.0,D,60
1084,1.0,,,74.0,129.45833333333331,6.0,2.0,D,60
1086,1.0,,,74.0,129.58333333333331,6.0,2.0,D,60
1088,1.0,,,72.0,129.75,6.0,0.0,C,0
1090,1.0,,,71.0,129.91666666666666,5.0,11.0,F,330
1092,1.0,,,67.0,130.08333333333331,5.0,7.0,C#,210
1094,1.0,,,64.0,130.20833333333331,5.0,4.0,E,120
1096,1.0,,,64.0,130.45833333333331,5.0,4.0,E,120
1098,1.0,,,60.0,130.58333333333331,5.0,0.0,C,0
1100,1.0,,,68.0,131.08333333333331,5.0,8.0,G#,240
1102,1.0,,,68.0,131.20833333333331,5.0,8.0,G#,240
1104,1.0,,,68.0,131.45833333333331,5.0,8.0,G#,240
1106,1.0,,,68.0,131.70833333333331,5.0,8.0,G#,240
1108,1.0,,,70.0,131.83333333333331,5.0,10.0,A#,300
1110,1.0,,,67.0,132.08333333333331,5.0,7.0,C#,210
1112,1.0,,,64.0,132.20833333333331,5.0,4.0,E,120
1114,1.0,,,64.0,132.45833333333331,5.0,4.0,E,120
1116,1.0,,,60.0,132.58333333333331,5.0,0.0,C,0
1118,1.0,,,68.0,133.08333333333331,5.0,8.0,G#,240
1120,1.0,,,68.0,133.20833333333331,5.0,8.0,G#,240
1122,1.0,,,68.0,133.45833333333331,5.0,8.0,G#,240
1124,1.0,,,68.0,133.70833333333331,5.0,8.0,G#,240
1126,1.0,,,70.0,133.83333333333331,5.0,10.0,A#,300
1128,1.0,,,67.0,133.95833333333331,5.0,7.0,C#,210
1130,1.0,,,68.0,135.08333333333331,5.0,8.0,G#,240
1132,1.0,,,68.0,135.20833333333331,5.0,8.0,G#,240
1134,1.0,,,68.0,135.45833333333331,5.0,8.0,G#,240
1136,1.0,,,68.0,135.70833333333331,5.0,8.0,G#,240
1138,1.0,,,70.0,135.83333333333331,5.0,10.0,A#,300
1140,1.0,,,67.0,136.08333333333331,5.0,7.0,C#,210
1142,1.0,,,64.0,136.20833333333331,5.0,4.0,E,120
1144,1.0,,,64.0,136.45833333333331,5.0,4.0,E,120
1146,1.0,,,60.0,136.58333333333331,5.0,0.0,C,0
1148,1.0,,,66.0,137.08333333333331,5.0,6.0,F#,180
1150,1.0,,,66.0,137.20833333333331,5.0,6.0,F#,180
1152,1.0,,,66.0,137.45833333333331,5.0,6.0,F#,180
1154,1.0,,,66.0,137.70833333333331,5.0,6.0,F#,180
1156,1.0,,,66.0,137.83333333333331,5.0,6.0,F#,180
1158,1.0,,,71.0,138.08333333333331,5.0,11.0,F,330
1160,1.0,,,67.0,138.58333333333331,5.0,7.0,C#,210
1162,1.0,,,72.0,139.08333333333331,6.0,0.0,C,0
1164,1.0,,,69.0,139.20833333333331,5.0,9.0,D#,270
1166,1.0,,,64.0,139.45833333333331,5.0,4.0,E,120
1168,1.0,,,64.0,139.83333333333331,5.0,4.0,E,120
1170,1.0,,,65.0,140.08333333333331,5.0,5.0,B,150
1172,1.0,,,72.0,140.20833333333331,6.0,0.0,C,0
1174,1.0,,,72.0,140.45833333333331,6.0,0.0,C,0
1176,1.0,,,65.0,140.58333333333331,5.0,5.0,B,150
1178,1.0,,,67.0,141.08333333333331,5.0,7.0,C#,210
1180,1.0,,,77.0,141.25,6.0,5.0,B,150
1182,1.0,,,77.0,141.41666666666666,6.0,5.0,B,150
1184,1.0,,,77.0,141.58333333333331,6.0,5.0,B,150
1186,1.0,,,76.0,141.75,6.0,4.0,E,120
1188,1.0,,,74.0,141.91666666666666,6.0,2.0,D,60
1190,1.0,,,72.0,142.08333333333331,6.0,0.0,C,0
1192,1.0,,,69.0,142.20833333333331,5.0,9.0,D#,270
1194,1.0,,,65.0,142.45833333333331,5.0,5.0,B,150
1196,1.0,,,64.0,142.58333333333331,5.0,4.0,E,120
1198,1.0,,,72.0,143.08333333333331,6.0,0.0,C,0
1200,1.0,,,69.0,143.20833333333331,5.0,9.0,D#,270
1202,1.0,,,64.0,143.45833333333331,5.0,4.0,E,120
1204,1.0,,,64.0,143.83333333333331,5.0,4.0,E,120
1206,1.0,,,65.0,144.08333333333331,5.0,5.0,B,150
1208,1.0,,,72.0,144.20833333333331,6.0,0.0,C,0
1210,1.0,,,72.0,144.45833333333331,6.0,0.0,C,0
1212,1.0,,,65.0,144.58333333333331,5.0,5.0,B,150
1214,1.0,,,67.0,145.08333333333331,5.0,7.0,C#,210
1216,1.0,,,74.0,145.20833333333331,6.0,2.0,D,60
1218,1.0,,,74.0,145.45833333333331,6.0,2.0,D,60
1220,1.0,,,74.0,145.58333333333331,6.0,2.0,D,60
1222,1.0,,,72.0,145.75,6.0,0.0,C,0
1224,1.0,,,71.0,145.91666666666666,5.0,11.0,F,330
1226,1.0,,,67.0,146.08333333333331,5.0,7.0,C#,210
1228,1.0,,,64.0,146.20833333333331,5.0,4.0,E,120
1230,1.0,,,64.0,146.45833333333331,5.0,4.0,E,120
1232,1.0,,,60.0,146.58333333333331,5.0,0.0,C,0
1240,2.0,,,50.0,146.66666666666666,4.0,2.0,D,60
1242,2.0,,,50.0,146.79166666666666,4.0,2.0,D,60
1244,2.0,,,50.0,147.04166666666666,4.0,2.0,D,60
1246,2.0,,,50.0,147.29166666666666,4.0,2.0,D,60
1248,2.0,,,50.0,147.41666666666666,4.0,2.0,D,60
1250,2.0,,,67.0,147.66666666666666,5.0,7.0,C#,210
1252,2.0,,,55.0,148.16666666666666,4.0,7.0,C#,210
1254,2.0,,,55.0,148.66666666666666,4.0,7.0,C#,210
1256,2.0,,,52.0,149.04166666666666,4.0,4.0,E,120
1258,2.0,,,48.0,149.41666666666666,4.0,0.0,C,0
1260,2.0,,,53.0,149.79166666666666,4.0,5.0,B,150
1262,2.0,,,55.0,150.04166666666666,4.0,7.0,C#,210
1264,2.0,,,54.0,150.29166666666666,4.0,6.0,F#,180
1266,2.0,,,53.0,150.41666666666666,4.0,5.0,B,150
1268,2.0,,,52.0,150.66666666666666,4.0,4.0,E,120
1270,2.0,,,60.0,150.83333333333331,5.0,0.0,C,0
1272,2.0,,,64.0,151.0,5.0,4.0,E,120
1274,2.0,,,65.0,151.16666666666666,5.0,5.0,B,150
1276,2.0,,,62.0,151.41666666666666,5.0,2.0,D,60
1278,2.0,,,64.0,151.54166666666666,5.0,4.0,E,120
1280,2.0,,,60.0,151.79166666666666,5.0,0.0,C,0
1282,2.0,,,57.0,152.04166666666666,4.0,9.0,D#,270
1284,2.0,,,59.0,152.16666666666666,4.0,11.0,F,330
1286,2.0,,,55.0,152.29166666666666,4.0,7.0,C#,210
1288,2.0,,,55.0,152.66666666666666,4.0,7.0,C#,210
1290,2.0,,,52.0,153.04166666666666,4.0,4.0,E,120
1292,2.0,,,48.0,153.41666666666666,4.0,0.0,C,0
1294,2.0,,,53.0,153.79166666666666,4.0,5.0,B,150
1296,2.0,,,55.0,154.04166666666666,4.0,7.0,C#,210
1298,2.0,,,54.0,154.29166666666666,4.0,6.0,F#,180
1300,2.0,,,53.0,154.41666666666666,4.0,5.0,B,150
1302,2.0,,,52.0,154.66666666666666,4.0,4.0,E,120
1304,2.0,,,60.0,154.83333333333331,5.0,0.0,C,0
1306,2.0,,,64.0,155.0,5.0,4.0,E,120
1308,2.0,,,65.0,155.16666666666666,5.0,5.0,B,150
1310,2.0,,,62.0,155.41666666666666,5.0,2.0,D,60
1312,2.0,,,64.0,155.54166666666666,5.0,4.0,E,120
1314,2.0,,,60.0,155.79166666666666,5.0,0.0,C,0
1316,2.0,,,57.0,156.04166666666666,4.0,9.0,D#,270
1318,2.0,,,59.0,156.16666666666666,4.0,11.0,F,330
1320,2.0,,,55.0,156.29166666666666,4.0,7.0,C#,210
1322,2.0,,,48.0,156.66666666666666,4.0,0.0,C,0
1324,2.0,,,55.0,157.04166666666666,4.0,7.0,C#,210
1326,2.0,,,60.0,157.41666666666666,5.0,0.0,C,0
1328,2.0,,,53.0,157.66666666666666,4.0,5.0,B,150
1330,2.0,,,60.0,158.04166666666666,5.0,0.0,C,0
1332,2.0,,,60.0,158.16666666666666,5.0,0.0,C,0
1334,2.0,,,53.0,158.41666666666666,4.0,5.0,B,150
1336,2.0,,,48.0,158.66666666666666,4.0,0.0,C,0
1338,2.0,,,52.0,159.04166666666666,4.0,4.0,E,120
1340,2.0,,,55.0,159.41666666666666,4.0,7.0,C#,210
1342,2.0,,,60.0,159.54166666666666,5.0,0.0,C,0
1344,2.0,,,79.0,159.79166666666666,6.0,7.0,C#,210
1346,2.0,,,79.0,160.04166666666666,6.0,7.0,C#,210
1348,2.0,,,79.0,160.16666666666666,6.0,7.0,C#,210
1350,2.0,,,55.0,160.41666666666666,4.0,7.0,C#,210
1352,2.0,,,48.0,160.66666666666666,4.0,0.0,C,0
1354,2.0,,,55.0,161.04166666666666,4.0,7.0,C#,210
1356,2.0,,,60.0,161.41666666666666,5.0,0.0,C,0
1358,2.0,,,53.0,161.66666666666666,4.0,5.0,B,150
1360,2.0,,,60.0,162.04166666666666,5.0,0.0,C,0
1362,2.0,,,60.0,162.16666666666666,5.0,0.0,C,0
1364,2.0,,,53.0,162.41666666666666,4.0,5.0,B,150
1366,2.0,,,48.0,162.66666666666666,4.0,0.0,C,0
1368,2.0,,,56.0,162.91666666666666,4.0,8.0,G#,240
1370,2.0,,,58.0,163.29166666666666,4.0,10.0,A#,300
1372,2.0,,,60.0,163.66666666666666,5.0,0.0,C,0
1374,2.0,,,55.0,164.04166666666666,4.0,7.0,C#,210
1376,2.0,,,55.0,164.16666666666666,4.0,7.0,C#,210
1378,2.0,,,48.0,164.41666666666666,4.0,0.0,C,0
1380,2.0,,,48.0,164.66666666666666,4.0,0.0,C,0
1382,2.0,,,55.0,165.04166666666666,4.0,7.0,C#,210
1384,2.0,,,60.0,165.41666666666666,5.0,0.0,C,0
1386,2.0,,,53.0,165.66666666666666,4.0,5.0,B,150
1388,2.0,,,60.0,166.04166666666666,5.0,0.0,C,0
1390,2.0,,,60.0,166.16666666666666,5.0,0.0,C,0
1392,2.0,,,53.0,166.41666666666666,4.0,5.0,B,150
1394,2.0,,,48.0,166.66666666666666,4.0,0.0,C,0
1396,2.0,,,52.0,167.04166666666666,4.0,4.0,E,120
1398,2.0,,,55.0,167.41666666666666,4.0,7.0,C#,210
1400,2.0,,,60.0,167.54166666666666,5.0,0.0,C,0
1402,2.0,,,79.0,167.79166666666666,6.0,7.0,C#,210
1404,2.0,,,79.0,168.04166666666666,6.0,7.0,C#,210
1406,2.0,,,79.0,168.16666666666666,6.0,7.0,C#,210
1408,2.0,,,55.0,168.41666666666666,4.0,7.0,C#,210
1410,2.0,,,48.0,168.66666666666666,4.0,0.0,C,0
1412,2.0,,,55.0,169.04166666666666,4.0,7.0,C#,210
1414,2.0,,,60.0,169.41666666666666,5.0,0.0,C,0
1416,2.0,,,53.0,169.66666666666666,4.0,5.0,B,150
1418,2.0,,,60.0,170.04166666666666,5.0,0.0,C,0
1420,2.0,,,60.0,170.16666666666666,5.0,0.0,C,0
1422,2.0,,,53.0,170.41666666666666,4.0,5.0,B,150
1424,2.0,,,48.0,170.66666666666666,4.0,0.0,C,0
1426,2.0,,,56.0,170.91666666666666,4.0,8.0,G#,240
1428,2.0,,,58.0,171.29166666666666,4.0,10.0,A#,300
1430,2.0,,,60.0,171.66666666666666,5.0,0.0,C,0
1432,2.0,,,55.0,172.04166666666666,4.0,7.0,C#,210
1434,2.0,,,55.0,172.16666666666666,4.0,7.0,C#,210
1436,2.0,,,48.0,172.41666666666666,4.0,0.0,C,0
1438,2.0,,,44.0,172.66666666666666,3.0,8.0,G#,240
1440,2.0,,,51.0,173.04166666666666,4.0,3.0,A,90
1442,2.0,,,56.0,173.41666666666666,4.0,8.0,G#,240
1444,2.0,,,55.0,173.66666666666666,4.0,7.0,C#,210
1446,2.0,,,48.0,174.04166666666666,4.0,0.0,C,0
1448,2.0,,,43.0,174.41666666666666,3.0,7.0,C#,210
1450,2.0,,,44.0,174.66666666666666,3.0,8.0,G#,240
1452,2.0,,,51.0,175.04166666666666,4.0,3.0,A,90
1454,2.0,,,56.0,175.41666666666666,4.0,8.0,G#,240
1456,2.0,,,55.0,175.66666666666666,4.0,7.0,C#,210
1458,2.0,,,48.0,176.04166666666666,4.0,0.0,C,0
1460,2.0,,,43.0,176.41666666666666,3.0,7.0,C#,210
1462,2.0,,,44.0,176.66666666666666,3.0,8.0,G#,240
1464,2.0,,,51.0,177.04166666666666,4.0,3.0,A,90
1466,2.0,,,56.0,177.41666666666666,4.0,8.0,G#,240
1468,2.0,,,55.0,177.66666666666666,4.0,7.0,C#,210
1470,2.0,,,48.0,178.04166666666666,4.0,0.0,C,0
1472,2.0,,,43.0,178.41666666666666,3.0,7.0,C#,210
1474,2.0,,,50.0,178.66666666666666,4.0,2.0,D,60
1476,2.0,,,50.0,178.79166666666666,4.0,2.0,D,60
1478,2.0,,,50.0,179.04166666666666,4.0,2.0,D,60
1480,2.0,,,50.0,179.29166666666666,4.0,2.0,D,60
1482,2.0,,,50.0,179.41666666666666,4.0,2.0,D,60
1484,2.0,,,67.0,179.66666666666666,5.0,7.0,C#,210
1486,2.0,,,55.0,180.16666666666666,4.0,7.0,C#,210
1488,2.0,,,55.0,180.66666666666666,4.0,7.0,C#,210
1490,2.0,,,52.0,181.04166666666666,4.0,4.0,E,120
1492,2.0,,,48.0,181.41666666666666,4.0,0.0,C,0
1494,2.0,,,53.0,181.79166666666666,4.0,5.0,B,150
1496,2.0,,,55.0,182.04166666666666,4.0,7.0,C#,210
1498,2.0,,,54.0,182.29166666666666,4.0,6.0,F#,180
1500,2.0,,,53.0,182.41666666666666,4.0,5.0,B,150
1502,2.0,,,52.0,182.66666666666666,4.0,4.0,E,120
1504,2.0,,,60.0,182.83333333333331,5.0,0.0,C,0
1506,2.0,,,64.0,183.0,5.0,4.0,E,120
1508,2.0,,,65.0,183.16666666666666,5.0,5.0,B,150
1510,2.0,,,62.0,183.41666666666666,5.0,2.0,D,60
1512,2.0,,,64.0,183.54166666666666,5.0,4.0,E,120
1514,2.0,,,60.0,183.79166666666666,5.0,0.0,C,0
1516,2.0,,,57.0,184.04166666666666,4.0,9.0,D#,270
1518,2.0,,,59.0,184.16666666666666,4.0,11.0,F,330
1520,2.0,,,55.0,184.29166666666666,4.0,7.0,C#,210
1522,2.0,,,55.0,184.66666666666666,4.0,7.0,C#,210
1524,2.0,,,52.0,185.04166666666666,4.0,4.0,E,120
1526,2.0,,,48.0,185.41666666666666,4.0,0.0,C,0
1528,2.0,,,53.0,185.79166666666666,4.0,5.0,B,150
1530,2.0,,,55.0,186.04166666666666,4.0,7.0,C#,210
1532,2.0,,,54.0,186.29166666666666,4.0,6.0,F#,180
1534,2.0,,,53.0,186.41666666666666,4.0,5.0,B,150
1536,2.0,,,52.0,186.66666666666666,4.0,4.0,E,120
1538,2.0,,,60.0,186.83333333333331,5.0,0.0,C,0
1540,2.0,,,64.0,187.0,5.0,4.0,E,120
1542,2.0,,,65.0,187.16666666666666,5.0,5.0,B,150
1544,2.0,,,62.0,187.41666666666666,5.0,2.0,D,60
1546,2.0,,,64.0,187.54166666666666,5.0,4.0,E,120
1548,2.0,,,60.0,187.79166666666666,5.0,0.0,C,0
1550,2.0,,,57.0,188.04166666666666,4.0,9.0,D#,270
1552,2.0,,,59.0,188.16666666666666,4.0,11.0,F,330
1554,2.0,,,55.0,188.29166666666666,4.0,7.0,C#,210
1556,2.0,,,48.0,188.66666666666666,4.0,0.0,C,0
1558,2.0,,,54.0,189.04166666666666,4.0,6.0,F#,180
1560,2.0,,,55.0,189.16666666666666,4.0,7.0,C#,210
1562,2.0,,,60.0,189.41666666666666,5.0,0.0,C,0
1564,2.0,,,53.0,189.66666666666666,4.0,5.0,B,150
1566,2.0,,,53.0,189.91666666666666,4.0,5.0,B,150
1568,2.0,,,60.0,190.16666666666666,5.0,0.0,C,0
1570,2.0,,,60.0,190.29166666666666,5.0,0.0,C,0
1572,2.0,,,53.0,190.41666666666666,4.0,5.0,B,150
1574,2.0,,,50.0,190.66666666666666,4.0,2.0,D,60
1576,2.0,,,53.0,191.04166666666666,4.0,5.0,B,150
1578,2.0,,,55.0,191.16666666666666,4.0,7.0,C#,210
1580,2.0,,,59.0,191.41666666666666,4.0,11.0,F,330
1582,2.0,,,55.0,191.66666666666666,4.0,7.0,C#,210
1584,2.0,,,55.0,191.91666666666666,4.0,7.0,C#,210
1586,2.0,,,60.0,192.16666666666666,5.0,0.0,C,0
1588,2.0,,,60.0,192.29166666666666,5.0,0.0,C,0
1590,2.0,,,55.0,192.41666666666666,4.0,7.0,C#,210
1592,2.0,,,48.0,192.66666666666666,4.0,0.0,C,0
1594,2.0,,,54.0,193.04166666666666,4.0,6.0,F#,180
1596,2.0,,,55.0,193.16666666666666,4.0,7.0,C#,210
1598,2.0,,,60.0,193.41666666666666,5.0,0.0,C,0
1600,2.0,,,53.0,193.66666666666666,4.0,5.0,B,150
1602,2.0,,,53.0,193.91666666666666,4.0,5.0,B,150
1604,2.0,,,60.0,194.16666666666666,5.0,0.0,C,0
1606,2.0,,,60.0,194.29166666666666,5.0,0.0,C,0
1608,2.0,,,53.0,194.41666666666666,4.0,5.0,B,150
1610,2.0,,,55.0,194.66666666666666,4.0,7.0,C#,210
1612,2.0,,,55.0,194.79166666666666,4.0,7.0,C#,210
1614,2.0,,,55.0,195.04166666666666,4.0,7.0,C#,210
1616,2.0,,,55.0,195.16666666666666,4.0,7.0,C#,210
1618,2.0,,,57.0,195.33333333333331,4.0,9.0,D#,270
1620,2.0,,,59.0,195.5,4.0,11.0,F,330
1622,2.0,,,60.0,195.66666666666666,5.0,0.0,C,0
1624,2.0,,,55.0,195.91666666666666,4.0,7.0,C#,210
1626,2.0,,,48.0,196.16666666666666,4.0,0.0,C,0
1628,2.0,,,48.0,196.66666666666666,4.0,0.0,C,0
1630,2.0,,,54.0,197.04166666666666,4.0,6.0,F#,180
1632,2.0,,,55.0,197.16666666666666,4.0,7.0,C#,210
1634,2.0,,,60.0,197.41666666666666,5.0,0.0,C,0
1636,2.0,,,53.0,197.66666666666666,4.0,5.0,B,150
1638,2.0,,,53.0,197.91666666666666,4.0,5.0,B,150
1640,2.0,,,60.0,198.16666666666666,5.0,0.0,C,0
1642,2.0,,,60.0,198.29166666666666,5.0,0.0,C,0
1644,2.0,,,53.0,198.41666666666666,4.0,5.0,B,150
1646,2.0,,,50.0,198.66666666666666,4.0,2.0,D,60
1648,2.0,,,53.0,199.04166666666666,4.0,5.0,B,150
1650,2.0,,,55.0,199.16666666666666,4.0,7.0,C#,210
1652,2.0,,,59.0,199.41666666666666,4.0,11.0,F,330
1654,2.0,,,55.0,199.66666666666666,4.0,7.0,C#,210
1656,2.0,,,55.0,199.91666666666666,4.0,7.0,C#,210
1658,2.0,,,60.0,200.16666666666666,5.0,0.0,C,0
1660,2.0,,,60.0,200.29166666666666,5.0,0.0,C,0
1662,2.0,,,55.0,200.41666666666666,4.0,7.0,C#,210
1664,2.0,,,48.0,200.66666666666666,4.0,0.0,C,0
1666,2.0,,,54.0,201.04166666666666,4.0,6.0,F#,180
1668,2.0,,,55.0,201.16666666666666,4.0,7.0,C#,210
1670,2.0,,,60.0,201.41666666666666,5.0,0.0,C,0
1672,2.0,,,53.0,201.66666666666666,4.0,5.0,B,150
1674,2.0,,,53.0,201.91666666666666,4.0,5.0,B,150
1676,2.0,,,60.0,202.16666666666666,5.0,0.0,C,0
1678,2.0,,,60.0,202.29166666666666,5.0,0.0,C,0
1680,2.0,,,53.0,202.41666666666666,4.0,5.0,B,150
1682,2.0,,,55.0,202.66666666666666,4.0,7.0,C#,210
1684,2.0,,,55.0,202.79166666666666,4.0,7.0,C#,210
1686,2.0,,,55.0,203.04166666666666,4.0,7.0,C#,210
1688,2.0,,,55.0,203.16666666666666,4.0,7.0,C#,210
1690,2.0,,,57.0,203.33333333333331,4.0,9.0,D#,270
1692,2.0,,,59.0,203.5,4.0,11.0,F,330
1694,2.0,,,60.0,203.66666666666666,5.0,0.0,C,0
1696,2.0,,,55.0,203.91666666666666,4.0,7.0,C#,210
1698,2.0,,,48.0,204.16666666666666,4.0,0.0,C,0
1700,2.0,,,44.0,204.66666666666666,3.0,8.0,G#,240
1702,2.0,,,51.0,205.04166666666666,4.0,3.0,A,90
1704,2.0,,,56.0,205.41666666666666,4.0,8.0,G#,240
1706,2.0,,,55.0,205.66666666666666,4.0,7.0,C#,210
1708,2.0,,,48.0,206.04166666666666,4.0,0.0,C,0
1710,2.0,,,43.0,206.41666666666666,3.0,7.0,C#,210
1712,2.0,,,44.0,206.66666666666666,3.0,8.0,G#,240
1714,2.0,,,51.0,207.04166666666666,4.0,3.0,A,90
1716,2.0,,,56.0,207.41666666666666,4.0,8.0,G#,240
1718,2.0,,,55.0,207.66666666666666,4.0,7.0,C#,210
1720,2.0,,,48.0,208.04166666666666,4.0,0.0,C,0
1722,2.0,,,43.0,208.41666666666666,3.0,7.0,C#,210
1724,2.0,,,44.0,208.66666666666666,3.0,8.0,G#,240
1726,2.0,,,51.0,209.04166666666666,4.0,3.0,A,90
1728,2.0,,,56.0,209.41666666666666,4.0,8.0,G#,240
1730,2.0,,,55.0,209.66666666666666,4.0,7.0,C#,210
1732,2.0,,,48.0,210.04166666666666,4.0,0.0,C,0
1734,2.0,,,43.0,210.41666666666666,3.0,7.0,C#,210
1736,2.0,,,50.0,210.66666666666666,4.0,2.0,D,60
1738,2.0,,,50.0,210.79166666666666,4.0,2.0,D,60
1740,2.0,,,50.0,211.04166666666666,4.0,2.0,D,60
1742,2.0,,,50.0,211.29166666666666,4.0,2.0,D,60
1744,2.0,,,50.0,211.41666666666666,4.0,2.0,D,60
1746,2.0,,,67.0,211.66666666666666,5.0,7.0,C#,210
1748,2.0,,,55.0,212.16666666666666,4.0,7.0,C#,210
1750,2.0,,,48.0,212.66666666666666,4.0,0.0,C,0
1752,2.0,,,54.0,213.04166666666666,4.0,6.0,F#,180
1754,2.0,,,55.0,213.16666666666666,4.0,7.0,C#,210
1756,2.0,,,60.0,213.41666666666666,5.0,0.0,C,0
1758,2.0,,,53.0,213.66666666666666,4.0,5.0,B,150
1760,2.0,,,53.0,213.91666666666666,4.0,5.0,B,150
1762,2.0,,,60.0,214.16666666666666,5.0,0.0,C,0
1764,2.0,,,60.0,214.29166666666666,5.0,0.0,C,0
1766,2.0,,,53.0,214.41666666666666,4.0,5.0,B,150
1768,2.0,,,50.0,214.66666666666666,4.0,2.0,D,60
1770,2.0,,,53.0,215.04166666666666,4.0,5.0,B,150
1772,2.0,,,55.0,215.16666666666666,4.0,7.0,C#,210
1774,2.0,,,59.0,215.41666666666666,4.0,11.0,F,330
1776,2.0,,,55.0,215.66666666666666,4.0,7.0,C#,210
1778,2.0,,,55.0,215.91666666666666,4.0,7.0,C#,210
1780,2.0,,,60.0,216.16666666666666,5.0,0.0,C,0
1782,2.0,,,60.0,216.29166666666666,5.0,0.0,C,0
1784,2.0,,,55.0,216.41666666666666,4.0,7.0,C#,210
1786,2.0,,,48.0,216.66666666666666,4.0,0.0,C,0
1788,2.0,,,54.0,217.04166666666666,4.0,6.0,F#,180
1790,2.0,,,55.0,217.16666666666666,4.0,7.0,C#,210
1792,2.0,,,60.0,217.41666666666666,5.0,0.0,C,0
1794,2.0,,,53.0,217.66666666666666,4.0,5.0,B,150
1796,2.0,,,53.0,217.91666666666666,4.0,5.0,B,150
1798,2.0,,,60.0,218.16666666666666,5.0,0.0,C,0
1800,2.0,,,60.0,218.29166666666666,5.0,0.0,C,0
1802,2.0,,,53.0,218.41666666666666,4.0,5.0,B,150
1804,2.0,,,55.0,218.66666666666666,4.0,7.0,C#,210
1806,2.0,,,55.0,218.79166666666666,4.0,7.0,C#,210
1808,2.0,,,55.0,219.04166666666666,4.0,7.0,C#,210
1810,2.0,,,55.0,219.16666666666666,4.0,7.0,C#,210
1812,2.0,,,57.0,219.33333333333331,4.0,9.0,D#,270
1814,2.0,,,59.0,219.5,4.0,11.0,F,330
1816,2.0,,,60.0,219.66666666666666,5.0,0.0,C,0
1818,2.0,,,55.0,219.91666666666666,4.0,7.0,C#,210
1820,2.0,,,48.0,220.16666666666666,4.0,0.0,C,0
1828,9.0,,,42.0,220.25,3.0,6.0,F#,180
1830,9.0,,,42.0,220.5,3.0,6.0,F#,180
1832,9.0,,,42.0,220.625,3.0,6.0,F#,180
1834,9.0,,,42.0,220.875,3.0,6.0,F#,180
1836,9.0,,,42.0,221.0,3.0,6.0,F#,180
1838,9.0,,,42.0,221.25,3.0,6.0,F#,180
1840,9.0,,,42.0,221.625,3.0,6.0,F#,180
1842,9.0,,,42.0,221.875,3.0,6.0,F#,180
1844,9.0,,,42.0,222.0,3.0,6.0,F#,180
1846,9.0,,,42.0,222.125,3.0,6.0,F#,180
1848,9.0,,,42.0,222.25,3.0,6.0,F#,180
1850,9.0,,,42.0,222.5,3.0,6.0,F#,180
1852,9.0,,,42.0,222.66666666666666,3.0,6.0,F#,180
1854,9.0,,,42.0,222.75,3.0,6.0,F#,180
1856,9.0,,,42.0,223.0,3.0,6.0,F#,180
1858,9.0,,,42.0,223.16666666666666,3.0,6.0,F#,180
1860,9.0,,,42.0,223.25,3.0,6.0,F#,180
1862,9.0,,,42.0,223.5,3.0,6.0,F#,180
1864,9.0,,,42.0,223.66666666666666,3.0,6.0,F#,180
1866,9.0,,,42.0,223.75,3.0,6.0,F#,180
1868,9.0,,,42.0,224.0,3.0,6.0,F#,180
1870,9.0,,,42.0,224.16666666666666,3.0,6.0,F#,180
1872,9.0,,,42.0,224.25,3.0,6.0,F#,180
1874,9.0,,,42.0,224.5,3.0,6.0,F#,180
1876,9.0,,,42.0,224.66666666666666,3.0,6.0,F#,180
1878,9.0,,,42.0,224.75,3.0,6.0,F#,180
1880,9.0,,,42.0,225.0,3.0,6.0,F#,180
1882,9.0,,,42.0,225.16666666666666,3.0,6.0,F#,180
1884,9.0,,,42.0,225.25,3.0,6.0,F#,180
1886,9.0,,,42.0,225.5,3.0,6.0,F#,180
1888,9.0,,,42.0,225.66666666666666,3.0,6.0,F#,180
1890,9.0,,,42.0,225.75,3.0,6.0,F#,180
1892,9.0,,,42.0,226.0,3.0,6.0,F#,180
1894,9.0,,,42.0,226.16666666666666,3.0,6.0,F#,180
1896,9.0,,,42.0,226.25,3.0,6.0,F#,180
1898,9.0,,,42.0,226.5,3.0,6.0,F#,180
1900,9.0,,,42.0,226.66666666666666,3.0,6.0,F#,180
1902,9.0,,,42.0,226.75,3.0,6.0,F#,180
1904,9.0,,,42.0,227.0,3.0,6.0,F#,180
1906,9.0,,,42.0,227.16666666666666,3.0,6.0,F#,180
1908,9.0,,,42.0,227.25,3.0,6.0,F#,180
1910,9.0,,,42.0,227.5,3.0,6.0,F#,180
1912,9.0,,,42.0,227.66666666666666,3.0,6.0,F#,180
1914,9.0,,,42.0,227.75,3.0,6.0,F#,180
1916,9.0,,,42.0,228.0,3.0,6.0,F#,180
1918,9.0,,,42.0,228.16666666666666,3.0,6.0,F#,180
1920,9.0,,,42.0,228.25,3.0,6.0,F#,180
1922,9.0,,,42.0,228.5,3.0,6.0,F#,180
1924,9.0,,,42.0,228.66666666666666,3.0,6.0,F#,180
1926,9.0,,,42.0,228.75,3.0,6.0,F#,180
1928,9.0,,,42.0,229.0,3.0,6.0,F#,180
1930,9.0,,,42.0,229.16666666666666,3.0,6.0,F#,180
1932,9.0,,,42.0,229.25,3.0,6.0,F#,180
1934,9.0,,,42.0,229.5,3.0,6.0,F#,180
1936,9.0,,,42.0,229.66666666666666,3.0,6.0,F#,180
1938,9.0,,,42.0,229.75,3.0,6.0,F#,180
1940,9.0,,,42.0,230.0,3.0,6.0,F#,180
1942,9.0,,,42.0,230.16666666666666,3.0,6.0,F#,180
1944,9.0,,,42.0,230.25,3.0,6.0,F#,180
1946,9.0,,,42.0,230.5,3.0,6.0,F#,180
1948,9.0,,,42.0,230.66666666666666,3.0,6.0,F#,180
1950,9.0,,,42.0,230.75,3.0,6.0,F#,180
1952,9.0,,,42.0,231.0,3.0,6.0,F#,180
1954,9.0,,,42.0,231.16666666666666,3.0,6.0,F#,180
1956,9.0,,,42.0,231.25,3.0,6.0,F#,180
1958,9.0,,,42.0,231.5,3.0,6.0,F#,180
1960,9.0,,,42.0,231.66666666666666,3.0,6.0,F#,180
1962,9.0,,,42.0,231.75,3.0,6.0,F#,180
1964,9.0,,,42.0,232.0,3.0,6.0,F#,180
1966,9.0,,,42.0,232.16666666666666,3.0,6.0,F#,180
1968,9.0,,,42.0,232.25,3.0,6.0,F#,180
1970,9.0,,,42.0,232.5,3.0,6.0,F#,180
1972,9.0,,,42.0,232.66666666666666,3.0,6.0,F#,180
1974,9.0,,,42.0,232.75,3.0,6.0,F#,180
1976,9.0,,,42.0,233.0,3.0,6.0,F#,180
1978,9.0,,,42.0,233.16666666666666,3.0,6.0,F#,180
1980,9.0,,,42.0,233.25,3.0,6.0,F#,180
1982,9.0,,,42.0,233.5,3.0,6.0,F#,180
1984,9.0,,,42.0,233.66666666666666,3.0,6.0,F#,180
1986,9.0,,,42.0,233.75,3.0,6.0,F#,180
1988,9.0,,,42.0,234.0,3.0,6.0,F#,180
1990,9.0,,,42.0,234.16666666666666,3.0,6.0,F#,180
1992,9.0,,,42.0,234.25,3.0,6.0,F#,180
1994,9.0,,,42.0,234.5,3.0,6.0,F#,180
1996,9.0,,,42.0,234.66666666666666,3.0,6.0,F#,180
1998,9.0,,,42.0,234.75,3.0,6.0,F#,180
2000,9.0,,,42.0,235.0,3.0,6.0,F#,180
2002,9.0,,,42.0,235.16666666666666,3.0,6.0,F#,180
2004,9.0,,,42.0,235.25,3.0,6.0,F#,180
2006,9.0,,,42.0,235.5,3.0,6.0,F#,180
2008,9.0,,,42.0,235.66666666666666,3.0,6.0,F#,180
2010,9.0,,,42.0,235.75,3.0,6.0,F#,180
2012,9.0,,,42.0,236.0,3.0,6.0,F#,180
2014,9.0,,,42.0,236.16666666666666,3.0,6.0,F#,180
2016,9.0,,,42.0,236.25,3.0,6.0,F#,180
2018,9.0,,,42.0,236.5,3.0,6.0,F#,180
2020,9.0,,,42.0,236.66666666666666,3.0,6.0,F#,180
2022,9.0,,,42.0,236.75,3.0,6.0,F#,180
2024,9.0,,,42.0,237.0,3.0,6.0,F#,180
2026,9.0,,,42.0,237.16666666666666,3.0,6.0,F#,180
2028,9.0,,,42.0,237.25,3.0,6.0,F#,180
2030,9.0,,,42.0,237.5,3.0,6.0,F#,180
2032,9.0,,,42.0,237.66666666666666,3.0,6.0,F#,180
2034,9.0,,,42.0,237.75,3.0,6.0,F#,180
2036,9.0,,,42.0,238.0,3.0,6.0,F#,180
2038,9.0,,,42.0,238.16666666666666,3.0,6.0,F#,180
2040,9.0,,,42.0,238.25,3.0,6.0,F#,180
2042,9.0,,,42.0,238.5,3.0,6.0,F#,180
2044,9.0,,,42.0,238.66666666666666,3.0,6.0,F#,180
2046,9.0,,,42.0,238.75,3.0,6.0,F#,180
2048,9.0,,,42.0,239.0,3.0,6.0,F#,180
2050,9.0,,,42.0,239.16666666666666,3.0,6.0,F#,180
2052,9.0,,,42.0,239.25,3.0,6.0,F#,180
2054,9.0,,,42.0,239.5,3.0,6.0,F#,180
2056,9.0,,,42.0,239.66666666666666,3.0,6.0,F#,180
2058,9.0,,,42.0,239.75,3.0,6.0,F#,180
2060,9.0,,,42.0,240.0,3.0,6.0,F#,180
2062,9.0,,,42.0,240.16666666666666,3.0,6.0,F#,180
2064,9.0,,,42.0,240.25,3.0,6.0,F#,180
2066,9.0,,,42.0,240.5,3.0,6.0,F#,180
2068,9.0,,,42.0,240.66666666666666,3.0,6.0,F#,180
2070,9.0,,,42.0,240.75,3.0,6.0,F#,180
2072,9.0,,,42.0,241.0,3.0,6.0,F#,180
2074,9.0,,,42.0,241.16666666666666,3.0,6.0,F#,180
2076,9.0,,,42.0,241.25,3.0,6.0,F#,180
2078,9.0,,,42.0,241.5,3.0,6.0,F#,180
2080,9.0,,,42.0,241.66666666666666,3.0,6.0,F#,180
2082,9.0,,,42.0,241.75,3.0,6.0,F#,180
2084,9.0,,,42.0,242.0,3.0,6.0,F#,180
2086,9.0,,,42.0,242.16666666666666,3.0,6.0,F#,180
2088,9.0,,,42.0,242.25,3.0,6.0,F#,180
2090,9.0,,,42.0,242.5,3.0,6.0,F#,180
2092,9.0,,,42.0,242.66666666666666,3.0,6.0,F#,180
2094,9.0,,,42.0,242.75,3.0,6.0,F#,180
2096,9.0,,,42.0,243.0,3.0,6.0,F#,180
2098,9.0,,,42.0,243.16666666666666,3.0,6.0,F#,180
2100,9.0,,,42.0,243.25,3.0,6.0,F#,180
2102,9.0,,,42.0,243.5,3.0,6.0,F#,180
2104,9.0,,,42.0,243.66666666666666,3.0,6.0,F#,180
2106,9.0,,,42.0,243.75,3.0,6.0,F#,180
2108,9.0,,,42.0,244.0,3.0,6.0,F#,180
2110,9.0,,,42.0,244.16666666666666,3.0,6.0,F#,180
2112,9.0,,,42.0,244.25,3.0,6.0,F#,180
2114,9.0,,,42.0,244.5,3.0,6.0,F#,180
2116,9.0,,,42.0,244.66666666666666,3.0,6.0,F#,180
2118,9.0,,,42.0,244.75,3.0,6.0,F#,180
2120,9.0,,,42.0,245.0,3.0,6.0,F#,180
2122,9.0,,,42.0,245.16666666666666,3.0,6.0,F#,180
2124,9.0,,,42.0,245.25,3.0,6.0,F#,180
2126,9.0,,,42.0,245.5,3.0,6.0,F#,180
2128,9.0,,,42.0,245.66666666666666,3.0,6.0,F#,180
2130,9.0,,,42.0,245.75,3.0,6.0,F#,180
2132,9.0,,,42.0,246.0,3.0,6.0,F#,180
2134,9.0,,,42.0,246.16666666666666,3.0,6.0,F#,180
2136,9.0,,,42.0,246.25,3.0,6.0,F#,180
2138,9.0,,,42.0,246.5,3.0,6.0,F#,180
2140,9.0,,,42.0,246.625,3.0,6.0,F#,180
2142,9.0,,,42.0,246.875,3.0,6.0,F#,180
2144,9.0,,,42.0,247.0,3.0,6.0,F#,180
2146,9.0,,,42.0,247.25,3.0,6.0,F#,180
2148,9.0,,,42.0,247.625,3.0,6.0,F#,180
2150,9.0,,,42.0,247.875,3.0,6.0,F#,180
2152,9.0,,,42.0,248.0,3.0,6.0,F#,180
2154,9.0,,,42.0,248.125,3.0,6.0,F#,180
2156,9.0,,,42.0,248.25,3.0,6.0,F#,180
2158,9.0,,,42.0,248.5,3.0,6.0,F#,180
2160,9.0,,,42.0,248.625,3.0,6.0,F#,180
2162,9.0,,,42.0,248.875,3.0,6.0,F#,180
2164,9.0,,,42.0,249.0,3.0,6.0,F#,180
2166,9.0,,,42.0,249.25,3.0,6.0,F#,180
2168,9.0,,,42.0,249.625,3.0,6.0,F#,180
2170,9.0,,,42.0,249.875,3.0,6.0,F#,180
2172,9.0,,,42.0,250.0,3.0,6.0,F#,180
2174,9.0,,,42.0,250.125,3.0,6.0,F#,180
2176,9.0,,,42.0,250.25,3.0,6.0,F#,180
2178,9.0,,,42.0,250.5,3.0,6.0,F#,180
2180,9.0,,,42.0,250.625,3.0,6.0,F#,180
2182,9.0,,,42.0,250.875,3.0,6.0,F#,180
2184,9.0,,,42.0,251.0,3.0,6.0,F#,180
2186,9.0,,,42.0,251.25,3.0,6.0,F#,180
2188,9.0,,,42.0,251.625,3.0,6.0,F#,180
2190,9.0,,,42.0,251.875,3.0,6.0,F#,180
2192,9.0,,,42.0,252.0,3.0,6.0,F#,180
2194,9.0,,,42.0,252.125,3.0,6.0,F#,180
2196,9.0,,,42.0,252.25,3.0,6.0,F#,180
2198,9.0,,,42.0,252.5,3.0,6.0,F#,180
2200,9.0,,,42.0,252.625,3.0,6.0,F#,180
2202,9.0,,,42.0,252.875,3.0,6.0,F#,180
2204,9.0,,,42.0,253.0,3.0,6.0,F#,180
2206,9.0,,,42.0,253.25,3.0,6.0,F#,180
2208,9.0,,,42.0,253.625,3.0,6.0,F#,180
2210,9.0,,,42.0,253.875,3.0,6.0,F#,180
2212,9.0,,,42.0,254.0,3.0,6.0,F#,180
2214,9.0,,,42.0,254.125,3.0,6.0,F#,180
2216,9.0,,,42.0,254.25,3.0,6.0,F#,180
2218,9.0,,,42.0,254.5,3.0,6.0,F#,180
2220,9.0,,,42.0,254.66666666666666,3.0,6.0,F#,180
2222,9.0,,,42.0,254.75,3.0,6.0,F#,180
2224,9.0,,,42.0,255.0,3.0,6.0,F#,180
2226,9.0,,,42.0,255.16666666666666,3.0,6.0,F#,180
2228,9.0,,,42.0,255.25,3.0,6.0,F#,180
2230,9.0,,,42.0,255.5,3.0,6.0,F#,180
2232,9.0,,,42.0,255.66666666666666,3.0,6.0,F#,180
2234,9.0,,,42.0,255.75,3.0,6.0,F#,180
2236,9.0,,,42.0,256.0,3.0,6.0,F#,180
2238,9.0,,,42.0,256.16666666666663,3.0,6.0,F#,180
2240,9.0,,,42.0,256.25,3.0,6.0,F#,180
2242,9.0,,,42.0,256.5,3.0,6.0,F#,180
2244,9.0,,,42.0,256.66666666666663,3.0,6.0,F#,180
2246,9.0,,,42.0,256.75,3.0,6.0,F#,180
2248,9.0,,,42.0,257.0,3.0,6.0,F#,180
2250,9.0,,,42.0,257.16666666666663,3.0,6.0,F#,180
2252,9.0,,,42.0,257.25,3.0,6.0,F#,180
2254,9.0,,,42.0,257.5,3.0,6.0,F#,180
2256,9.0,,,42.0,257.66666666666663,3.0,6.0,F#,180
2258,9.0,,,42.0,257.75,3.0,6.0,F#,180
2260,9.0,,,42.0,258.0,3.0,6.0,F#,180
2262,9.0,,,42.0,258.16666666666663,3.0,6.0,F#,180
2264,9.0,,,42.0,258.25,3.0,6.0,F#,180
2266,9.0,,,42.0,258.5,3.0,6.0,F#,180
2268,9.0,,,42.0,258.66666666666663,3.0,6.0,F#,180
2270,9.0,,,42.0,258.75,3.0,6.0,F#,180
2272,9.0,,,42.0,259.0,3.0,6.0,F#,180
2274,9.0,,,42.0,259.16666666666663,3.0,6.0,F#,180
2276,9.0,,,42.0,259.25,3.0,6.0,F#,180
2278,9.0,,,42.0,259.5,3.0,6.0,F#,180
2280,9.0,,,42.0,259.66666666666663,3.0,6.0,F#,180
2282,9.0,,,42.0,259.75,3.0,6.0,F#,180
2284,9.0,,,42.0,260.0,3.0,6.0,F#,180
2286,9.0,,,42.0,260.16666666666663,3.0,6.0,F#,180
2288,9.0,,,42.0,260.25,3.0,6.0,F#,180
2290,9.0,,,42.0,260.5,3.0,6.0,F#,180
2292,9.0,,,42.0,260.66666666666663,3.0,6.0,F#,180
2294,9.0,,,42.0,260.75,3.0,6.0,F#,180
2296,9.0,,,42.0,261.0,3.0,6.0,F#,180
2298,9.0,,,42.0,261.16666666666663,3.0,6.0,F#,180
2300,9.0,,,42.0,261.25,3.0,6.0,F#,180
2302,9.0,,,42.0,261.5,3.0,6.0,F#,180
2304,9.0,,,42.0,261.66666666666663,3.0,6.0,F#,180
2306,9.0,,,42.0,261.75,3.0,6.0,F#,180
2308,9.0,,,42.0,262.0,3.0,6.0,F#,180
2310,9.0,,,42.0,262.16666666666663,3.0,6.0,F#,180
2312,9.0,,,42.0,262.25,3.0,6.0,F#,180
2314,9.0,,,42.0,262.625,3.0,6.0,F#,180
2316,9.0,,,42.0,262.75,3.0,6.0,F#,180
2318,9.0,,,42.0,263.0,3.0,6.0,F#,180
2320,9.0,,,42.0,263.25,3.0,6.0,F#,180
2322,9.0,,,42.0,263.625,3.0,6.0,F#,180
2324,9.0,,,42.0,263.75,3.0,6.0,F#,180
2326,9.0,,,42.0,264.0,3.0,6.0,F#,180
2328,9.0,,,42.0,264.25,3.0,6.0,F#,180
2330,9.0,,,42.0,264.625,3.0,6.0,F#,180
2332,9.0,,,42.0,264.75,3.0,6.0,F#,180
2334,9.0,,,42.0,265.0,3.0,6.0,F#,180
2336,9.0,,,42.0,265.25,3.0,6.0,F#,180
2338,9.0,,,42.0,265.625,3.0,6.0,F#,180
2340,9.0,,,42.0,265.75,3.0,6.0,F#,180
2342,9.0,,,42.0,266.0,3.0,6.0,F#,180
2344,9.0,,,42.0,266.25,3.0,6.0,F#,180
2346,9.0,,,42.0,266.625,3.0,6.0,F#,180
2348,9.0,,,42.0,266.75,3.0,6.0,F#,180
2350,9.0,,,42.0,267.0,3.0,6.0,F#,180
2352,9.0,,,42.0,267.25,3.0,6.0,F#,180
2354,9.0,,,42.0,267.625,3.0,6.0,F#,180
2356,9.0,,,42.0,267.75,3.0,6.0,F#,180
2358,9.0,,,42.0,268.0,3.0,6.0,F#,180
2360,9.0,,,42.0,268.25,3.0,6.0,F#,180
2362,9.0,,,42.0,268.625,3.0,6.0,F#,180
2364,9.0,,,42.0,268.75,3.0,6.0,F#,180
2366,9.0,,,42.0,269.0,3.0,6.0,F#,180
2368,9.0,,,42.0,269.25,3.0,6.0,F#,180
2370,9.0,,,42.0,269.625,3.0,6.0,F#,180
2372,9.0,,,42.0,269.75,3.0,6.0,F#,180
2374,9.0,,,42.0,270.0,3.0,6.0,F#,180
2376,9.0,,,42.0,270.25,3.0,6.0,F#,180
2378,9.0,,,42.0,270.625,3.0,6.0,F#,180
2380,9.0,,,42.0,270.75,3.0,6.0,F#,180
2382,9.0,,,42.0,271.0,3.0,6.0,F#,180
2384,9.0,,,42.0,271.25,3.0,6.0,F#,180
2386,9.0,,,42.0,271.625,3.0,6.0,F#,180
2388,9.0,,,42.0,271.75,3.0,6.0,F#,180
2390,9.0,,,42.0,272.0,3.0,6.0,F#,180
2392,9.0,,,42.0,272.25,3.0,6.0,F#,180
2394,9.0,,,42.0,272.625,3.0,6.0,F#,180
2396,9.0,,,42.0,272.75,3.0,6.0,F#,180
2398,9.0,,,42.0,273.0,3.0,6.0,F#,180
2400,9.0,,,42.0,273.25,3.0,6.0,F#,180
2402,9.0,,,42.0,273.625,3.0,6.0,F#,180
2404,9.0,,,42.0,273.75,3.0,6.0,F#,180
2406,9.0,,,42.0,274.0,3.0,6.0,F#,180
2408,9.0,,,42.0,274.25,3.0,6.0,F#,180
2410,9.0,,,42.0,274.625,3.0,6.0,F#,180
2412,9.0,,,42.0,274.75,3.0,6.0,F#,180
2414,9.0,,,42.0,275.0,3.0,6.0,F#,180
2416,9.0,,,42.0,275.25,3.0,6.0,F#,180
2418,9.0,,,42.0,275.625,3.0,6.0,F#,180
2420,9.0,,,42.0,275.75,3.0,6.0,F#,180
2422,9.0,,,42.0,276.0,3.0,6.0,F#,180
2424,9.0,,,42.0,276.25,3.0,6.0,F#,180
2426,9.0,,,42.0,276.625,3.0,6.0,F#,180
2428,9.0,,,42.0,276.75,3.0,6.0,F#,180
2430,9.0,,,42.0,277.0,3.0,6.0,F#,180
2432,9.0,,,42.0,277.25,3.0,6.0,F#,180
2434,9.0,,,42.0,277.625,3.0,6.0,F#,180
2436,9.0,,,42.0,277.75,3.0,6.0,F#,180
2438,9.0,,,42.0,278.0,3.0,6.0,F#,180
2440,9.0,,,42.0,278.25,3.0,6.0,F#,180
2442,9.0,,,42.0,278.5,3.0,6.0,F#,180
2444,9.0,,,42.0,278.625,3.0,6.0,F#,180
2446,9.0,,,42.0,278.875,3.0,6.0,F#,180
2448,9.0,,,42.0,279.0,3.0,6.0,F#,180
2450,9.0,,,42.0,279.25,3.0,6.0,F#,180
2452,9.0,,,42.0,279.625,3.0,6.0,F#,180
2454,9.0,,,42.0,279.875,3.0,6.0,F#,180
2456,9.0,,,42.0,280.0,3.0,6.0,F#,180
2458,9.0,,,42.0,280.125,3.0,6.0,F#,180
2460,9.0,,,42.0,280.25,3.0,6.0,F#,180
2462,9.0,,,42.0,280.5,3.0,6.0,F#,180
2464,9.0,,,42.0,280.625,3.0,6.0,F#,180
2466,9.0,,,42.0,280.875,3.0,6.0,F#,180
2468,9.0,,,42.0,281.0,3.0,6.0,F#,180
2470,9.0,,,42.0,281.25,3.0,6.0,F#,180
2472,9.0,,,42.0,281.625,3.0,6.0,F#,180
2474,9.0,,,42.0,281.875,3.0,6.0,F#,180
2476,9.0,,,42.0,282.0,3.0,6.0,F#,180
2478,9.0,,,42.0,282.125,3.0,6.0,F#,180
2480,9.0,,,42.0,282.25,3.0,6.0,F#,180
2482,9.0,,,42.0,282.5,3.0,6.0,F#,180
2484,9.0,,,42.0,282.625,3.0,6.0,F#,180
2486,9.0,,,42.0,282.875,3.0,6.0,F#,180
2488,9.0,,,42.0,283.0,3.0,6.0,F#,180
2490,9.0,,,42.0,283.25,3.0,6.0,F#,180
2492,9.0,,,42.0,283.625,3.0,6.0,F#,180
2494,9.0,,,42.0,283.875,3.0,6.0,F#,180
2496,9.0,,,42.0,284.0,3.0,6.0,F#,180
2498,9.0,,,42.0,284.125,3.0,6.0,F#,180
2500,9.0,,,42.0,284.25,3.0,6.0,F#,180
2502,9.0,,,42.0,284.5,3.0,6.0,F#,180
2504,9.0,,,42.0,284.625,3.0,6.0,F#,180
2506,9.0,,,42.0,284.875,3.0,6.0,F#,180
2508,9.0,,,42.0,285.0,3.0,6.0,F#,180
2510,9.0,,,42.0,285.25,3.0,6.0,F#,180
2512,9.0,,,42.0,285.625,3.0,6.0,F#,180
2514,9.0,,,42.0,285.875,3.0,6.0,F#,180
2516,9.0,,,42.0,286.0,3.0,6.0,F#,180
2518,9.0,,,42.0,286.125,3.0,6.0,F#,180
2520,9.0,,,42.0,286.25,3.0,6.0,F#,180
2522,9.0,,,42.0,286.625,3.0,6.0,F#,180
2524,9.0,,,42.0,286.75,3.0,6.0,F#,180
2526,9.0,,,42.0,287.0,3.0,6.0,F#,180
2528,9.0,,,42.0,287.25,3.0,6.0,F#,180
2530,9.0,,,42.0,287.625,3.0,6.0,F#,180
2532,9.0,,,42.0,287.75,3.0,6.0,F#,180
2534,9.0,,,42.0,288.0,3.0,6.0,F#,180
2536,9.0,,,42.0,288.25,3.0,6.0,F#,180
2538,9.0,,,42.0,288.625,3.0,6.0,F#,180
2540,9.0,,,42.0,288.75,3.0,6.0,F#,180
2542,9.0,,,42.0,289.0,3.0,6.0,F#,180
2544,9.0,,,42.0,289.25,3.0,6.0,F#,180
2546,9.0,,,42.0,289.625,3.0,6.0,F#,180
2548,9.0,,,42.0,289.75,3.0,6.0,F#,180
2550,9.0,,,42.0,290.0,3.0,6.0,F#,180
2552,9.0,,,42.0,290.25,3.0,6.0,F#,180
2554,9.0,,,42.0,290.625,3.0,6.0,F#,180
2556,9.0,,,42.0,290.75,3.0,6.0,F#,180
2558,9.0,,,42.0,291.0,3.0,6.0,F#,180
2560,9.0,,,42.0,291.25,3.0,6.0,F#,180
2562,9.0,,,42.0,291.625,3.0,6.0,F#,180
2564,9.0,,,42.0,291.75,3.0,6.0,F#,180
2566,9.0,,,42.0,292.0,3.0,6.0,F#,180
2568,9.0,,,42.0,292.25,3.0,6.0,F#,180
2570,9.0,,,42.0,292.625,3.0,6.0,F#,180
2572,9.0,,,42.0,292.75,3.0,6.0,F#,180
2574,9.0,,,42.0,293.0,3.0,6.0,F#,180
2576,9.0,,,42.0,293.25,3.0,6.0,F#,180
2578,9.0,,,42.0,293.625,3.0,6.0,F#,180
2580,9.0,,,42.0,293.75,3.0,6.0,F#,180
2582,9.0,,,42.0,294.0,3.0,6.0,F#,180
